image_index,dominant_wavelength_km,dominant_theta_deg,pt1,pt2,pt3,pt4,pt5,pt6,pt7
0,10.079368399158986,84.99999999999999,-0.6440701529124302,0.09199863271528153,0.7401781911992553,1.0,0.738582843535641,0.10102483119595873,-0.629745367431028
1,10.079368399158986,84.99999999999999,-0.6566492609819674,0.08311243955139958,0.7374099833896648,0.9991879017281002,0.7355223433631226,0.0990217545007861,-0.6232698918967184
2,10.079368399158984,80.0,-0.6488165657492411,0.07192917833749113,0.7135685380824579,0.9949459472489381,0.7712938276291852,0.16449189448295942,-0.5636477734661645
3,10.079368399158986,84.99999999999999,-0.6516982146242265,0.07716097666103283,0.7251941867998446,0.9970077385095812,0.7532191462172539,0.13003019446568165,-0.5975241818105208
4,10.079368399158986,84.99999999999999,-0.6375758241698369,0.0894416664962594,0.7399753512817171,0.9986700485494415,0.7329933877356891,0.09432100050616055,-0.6249820932811756
5,10.079368399158986,84.99999999999999,-0.6341838479718895,0.08886488521669378,0.7321655167173089,0.9941649369314842,0.7380027911321494,0.10915019816553273,-0.6061901773745364
6,10.678718833360277,75.0,-0.5876823803095734,0.13578797578409585,0.7473553757374023,0.9801800278132142,0.7103574232351637,0.077127241058625,-0.6362456927726723
7,10.079368399158986,84.99999999999999,-0.6352080815286606,0.10058253239567372,0.7547575242353557,0.9810650787899027,0.6872083722195264,0.03935761763347734,-0.6630797506529211
8,10.079368399158984,80.0,-0.5987814818409607,0.14498114483759617,0.7843220167160649,0.9791898329704605,0.6729595459730724,0.03230429737808738,-0.6538651631354898
9,10.678718833360277,75.0,-0.5605659043624609,0.17557343639910394,0.787876856577389,0.9624433886156016,0.662608870226101,0.046575003394391024,-0.6212951060041831
10,10.079368399158986,75.0,-0.6021113802480703,0.1527250810669607,0.7926229284841859,0.9891663355286273,0.6675770675240524,0.003180154472842256,-0.7020475609679122
11,10.678718833360277,75.0,-0.5036440461736122,0.2592661692132876,0.8324562645261044,0.9603703825123395,0.6232005790652417,-0.012727418917999889,-0.6759182420163797
12,10.678718833360277,75.0,-0.5782614132118244,0.19080656758893944,0.8110064999399242,0.974347178816021,0.646501638011203,-0.005436753177732734,-0.6890092285624507
13,10.678718833360277,75.0,-0.5221790461405087,0.24476229746499478,0.8321546257266446,0.9720250572068379,0.639428434229601,-0.005030278080489281,-0.686564169770322
14,10.079368399158984,80.0,-0.5194616458786825,0.22654992633735693,0.8347078326178257,0.9740388474415469,0.6274205091850309,-0.03476286223678737,-0.7212491923992406
15,10.678718833360277,75.0,-0.5233530293054545,0.21072985684888534,0.8125983989307894,0.9680200809774266,0.6392878840707903,-0.008844493213952198,-0.6942351333818284
16,10.079368399158984,80.0,-0.5495167467569614,0.1868940369799934,0.8061700551253002,0.970282953467811,0.6421282793494574,-0.010042984930503485,-0.6986393849683692
17,10.678718833360277,75.0,-0.5511546644721002,0.19185340185104205,0.8012199894423813,0.9668057032554052,0.6511399289266833,0.005420927011044574,-0.6901627850770163
18,10.079368399158984,80.0,-0.536656868260838,0.2075261415236318,0.8198717427255668,0.9684500883968008,0.6357445880666222,-0.012142162025080894,-0.6992832608089528
19,10.079368399158984,80.0,-0.5413665296614856,0.20589034407714424,0.8229210732421111,0.9646177563889837,0.6178672537150938,-0.040301680176482835,-0.7153024429038222
20,10.079368399158984,80.0,-0.4992474347075415,0.26057733286840046,0.8641479306497877,0.9617892330858626,0.5764902864810875,-0.10339699427562699,-0.7733227154977829
21,10.079368399158984,80.0,-0.46195359209006104,0.2953990795997943,0.8682448565541978,0.9443671050149005,0.5376326974480585,-0.14414037522851686,-0.7924237827266152
22,10.079368399158984,80.0,-0.42564436361037394,0.32932555992823764,0.8877152992476929,0.9324814198091511,0.5144313691155453,-0.1601848373134609,-0.7969310908775842
23,10.079368399158984,80.0,-0.4125603356433285,0.35872966377341586,0.9052261569793558,0.9432724295351382,0.5109140054520198,-0.17329646416896805,-0.8063483016590893
24,10.678718833360275,80.0,-0.3609884056243362,0.490283868241455,0.9180100238196358,0.9286771591104637,0.5000615869011376,-0.17431057046011333,-0.8019874008281197
25,10.678718833360277,75.0,-0.36098519831738085,0.4712149510992474,0.8975854554065259,0.904128828596267,0.4728445688471745,-0.19497476995534602,-0.8090967524863293
26,10.678718833360275,80.0,-0.37889493806864927,0.4663183678270928,0.9170826950316324,0.9302156400500963,0.48652058948280974,-0.20911448786291875,-0.8320415723891861
27,10.678718833360277,75.0,-0.31855161218585926,0.49401372086135065,0.9189135490139368,0.9108325978837843,0.46059910540674553,-0.21727275134141155,-0.8198072657694049
28,10.678718833360277,75.0,-0.27650622184122575,0.5039397622281363,0.8864293443355811,0.8507802812299603,0.39967176797684223,-0.25193612227208406,-0.8148305547199597
29,10.678718833360277,75.0,-0.2715821439619547,0.48479186428735854,0.8886528245160878,0.8676778829044818,0.41737945298152246,-0.2401833279405441,-0.8058934207311403
30,10.678718833360275,80.0,-0.3127518972857247,0.45223291107830277,0.895486545070739,0.8970088170204871,0.4579314858252135,-0.21606036456078626,-0.8135289888198413
31,10.678718833360275,80.0,-0.3556187218324417,0.38530246145253355,0.8672622967161705,0.9083149458080293,0.5128875867483076,-0.1340512426034538,-0.7462078064884672
32,10.079368399158986,75.0,-0.338072936148891,0.3745672153262549,0.8649261757477675,0.8855507427609868,0.48037797226509804,-0.16652896971189313,-0.7395993927310534
33,10.079368399158986,75.0,-0.24466352035224337,0.43090405672582377,0.8563214738151106,0.8109252696077804,0.3446202996863925,-0.2991619860206415,-0.7895245189830018
34,10.678718833360275,84.99999999999999,-0.21642984932499632,0.5702650492239891,0.9780439053674217,0.8905576192715192,0.36001219936066775,-0.352861683279555,-0.8872472312342135
35,10.678718833360277,75.0,-0.17280011923304195,0.6065527310829066,0.9548494528922726,0.8397786994482048,0.3214047552564867,-0.35275706957603425,-0.8598387993009022
36,10.678718833360275,84.99999999999999,-0.19534614257204086,0.5883025908273141,0.9788774589317475,0.8867233447371772,0.37193751421229204,-0.3221914315590534,-0.8683790879835178
37,10.678718833360277,75.0,-0.1786330465910122,0.5403716366692217,0.9140892354195989,0.8342693645654384,0.3900853590766231,-0.2311295390867344,-0.7388422653729194
38,10.678718833360277,75.0,-0.11327491151469804,0.6456494625581493,0.982582903416386,0.8263540776475757,0.29181787429341277,-0.3835283006030865,-0.862481410518217
39,10.678718833360277,75.0,-0.18597244426612813,0.5634340579671184,0.9052176136010412,0.8281585547334731,0.3582199802746011,-0.2730244054025952,-0.7670147600265048
40,10.678718833360277,75.0,-0.21814501156592148,0.5542741455106162,0.9350623875409305,0.879168883251759,0.43284878852428044,-0.20235435441009675,-0.7763929098418878
41,10.079368399158986,75.0,-0.2023343899259482,0.5301409371487822,0.9261168893352065,0.8578241648290976,0.38222539421037593,-0.26624699160993204,-0.8090876847388067
42,10.678718833360277,75.0,-0.2759894119167674,0.5178556479437764,0.9374293984718434,0.8731758301497863,0.4296288682244811,-0.257033012296382,-0.8346410377329576
43,10.678718833360277,75.0,-0.13902293854817993,0.6127410369290143,0.9466404209219985,0.7740849293413794,0.26859273361337155,-0.35598803882206087,-0.842490716532334
44,10.079368399158986,84.99999999999999,-0.28663897547475004,0.46508328496081464,0.9115756088933982,0.8710543843218286,0.37111243797576043,-0.31714969269976845,-0.8495783292012614
45,10.079368399158986,84.99999999999999,-0.22730052384407262,0.4833436591629443,0.8980586806971527,0.8242106757589489,0.33179517906989764,-0.3518852788701474,-0.8597518748682086
