slice,cluster_in_slice,global_cluster_index,status,point_source,selection_method,selected_y,selected_x,raw_peak_y,raw_peak_x,selected_global_x,latitude,longitude,amplitude_K,target_wavelength_km,target_dominant_angle_deg,target_bearing_deg,target_true_angle_deg,temperature_K,u_navgem_m_per_s,v_navgem_m_per_s,NN_or_N2_navgem,intrinsic_speed_c_minus_w_m_per_s,m2_1_per_m2,lambda_z_km,New_MF_m2_s2,New_MF_u_m2_s2,New_MF_v_m2_s2,MF_m2_s2,MFz_m2_s2,MFm_m2_s2,finite_pixels,phase_speed_m_per_s,phase_speed_error_m_per_s,phase_direction,phase_avg_wavelength_km,phase_avg_wavelength_error_km,phase_avg_angle_deg,phase_avg_angle_error_deg,phase_closest_frame,phase_closest_distance_km,phase_fit_sse,excluded_from_mf_sums_sse_gt_threshold,phase_summary_csv,phase_output_dir,plot_path,file,orbit_tag,orbit_id,version
2,0,0,ok,saved representative point,1,75,430,24,428,1630,50.400203704833984,-103.08035278320312,0.7555354237556458,40.36302947998047,100.0000005060238,353.0450134277344,93.0450210571289,181.63999938964844,-18.678613662719727,-46.95173645019531,0.00033696877653710544,94.50206556315428,3.773175960586766e-08,32.346428760921675,1.864590653583056,-0.09904799652073284,1.8619580553316761,0.48560911417007446,0.0013702946016564965,0.4842388331890106,7340,-48.60883721851154,9.372389567488971,-1,38.338455512426044,7.392131987503338,92.95691102357723,11.050311466234596,359,146.58935464521576,1.2723240360612331,True,AWE\01770\remap85_from_l7a\slice_002\cluster_000_global_00000\awe_radiance_pre_interpolation_frames\overlays_crests_phase\ROI_22_100x100\phase_speed_from_l7a_point_summary.csv,AWE\01770\remap85_from_l7a\slice_002\cluster_000_global_00000,plots_l7a_cluster_debug\01770\slice_002\awe_l7a_tmp_2024075T0538_01770_v23_slice_002_cluster_000_global_00000_info.png,l7\2024\03_v23\awe_l7a_tmp_2024075T0538_01770_v23.nc,2024075T0538_01770,01770,v23
2,1,1,ok,saved representative point,1,75,506,66,502,1706,50.269962310791016,-100.97471618652344,1.2099403142929077,24.0,130.00000134084985,351.3816223144531,121.38162994384766,184.1199951171875,-22.34886932373047,-41.73202133178711,0.0003619031922426075,101.96081816062325,3.48117447510629e-08,33.67572645367104,7.58722920225369,-3.9509422299312207,6.477353044514192,2.0384433269500732,0.5527564287185669,1.4856868982315063,6848,-77.97130381053924,15.394445463232563,-1,23.15747723173016,4.572150302580072,121.07090489953197,8.275605495401209,378,147.5006692799077,46.16367296421126,True,AWE\01770\remap85_from_l7a\slice_002\cluster_001_global_00001\awe_radiance_pre_interpolation_frames\overlays_crests_phase\ROI_22_100x100\phase_speed_from_l7a_point_summary.csv,AWE\01770\remap85_from_l7a\slice_002\cluster_001_global_00001,plots_l7a_cluster_debug\01770\slice_002\awe_l7a_tmp_2024075T0538_01770_v23_slice_002_cluster_001_global_00001_info.png,l7\2024\03_v23\awe_l7a_tmp_2024075T0538_01770_v23.nc,2024075T0538_01770,01770,v23
2,2,2,ok,saved representative point,1,224,74,248,70,1274,53.07624053955078,-113.05894470214844,1.004085898399353,52.3443717956543,79.99999767274336,0.9479665756225586,80.94796752929688,192.30999755859375,0.8014824390411377,-58.25617980957031,0.0004660777631215751,218.98647461371428,9.719049605969855e-09,63.73352935742569,3.227167490699355,0.5077348251937956,3.1869758957846224,0.5899999141693115,0.01460437010973692,0.5753955245018005,6816,-161.58192377418945,30.8564089731076,-1,50.103575972264174,9.5680036176318,90.59087603903644,11.064120913463107,268,145.97573131023748,3.0944112630884915,True,AWE\01770\remap85_from_l7a\slice_002\cluster_002_global_00002\awe_radiance_pre_interpolation_frames\overlays_crests_phase\ROI_22_100x100\phase_speed_from_l7a_point_summary.csv,AWE\01770\remap85_from_l7a\slice_002\cluster_002_global_00002,plots_l7a_cluster_debug\01770\slice_002\awe_l7a_tmp_2024075T0538_01770_v23_slice_002_cluster_002_global_00002_info.png,l7\2024\03_v23\awe_l7a_tmp_2024075T0538_01770_v23.nc,2024075T0538_01770,01770,v23
3,0,3,ok,saved representative point,1,128,598,24,598,2398,48.132843017578125,-82.2984619140625,3.325744390487671,26.17218589782715,109.99999850756943,336.9367980957031,86.93680572509766,197.67999267578125,0.22673150897026062,-42.777008056640625,0.00037136688479222357,78.06386526988967,6.094008731626969e-08,25.45237611563168,33.58778497884183,1.7948479241115232,33.539794583661745,12.25169563293457,0.03498535975813866,12.216711044311523,92508,-35.360093185821086,6.232070680531842,-1,26.88498605104349,4.738367979821971,86.20644709007624,9.302681494233024,562,43.61708255271282,0.011128322126670438,False,AWE\01770\remap85_from_l7a\slice_003\cluster_000_global_00003\awe_radiance_pre_interpolation_frames\overlays_crests_phase\ROI_22_100x100\phase_speed_from_l7a_point_summary.csv,AWE\01770\remap85_from_l7a\slice_003\cluster_000_global_00003,plots_l7a_cluster_debug\01770\slice_003\awe_l7a_tmp_2024075T0538_01770_v23_slice_003_cluster_000_global_00003_info.png,l7\2024\03_v23\awe_l7a_tmp_2024075T0538_01770_v23.nc,2024075T0538_01770,01770,v23
3,1,4,ok,saved representative point,0,126,598,126,598,2398,48.1002082824707,-82.31935119628906,2.8534882068634033,28.540969848632812,109.99999850756943,336.9596862792969,86.95968627929688,193.6699981689453,0.4500616192817688,-42.64366149902344,0.0003708082076627761,71.62181893717127,7.228674108276827e-08,23.369560529712857,21.722202021855548,1.1521154476939168,21.69162720206786,8.61673355102539,0.024239610880613327,8.592494010925293,12212,-29.06205064600838,5.4413155281715015,-1,28.62235537198588,5.358990961631291,86.05454182406226,9.453379058739259,562,47.54959158077022,0.006335948190723112,False,AWE\01770\remap85_from_l7a\slice_003\cluster_001_global_00004\awe_radiance_pre_interpolation_frames\overlays_crests_phase\ROI_22_100x100\phase_speed_from_l7a_point_summary.csv,AWE\01770\remap85_from_l7a\slice_003\cluster_001_global_00004,plots_l7a_cluster_debug\01770\slice_003\awe_l7a_tmp_2024075T0538_01770_v23_slice_003_cluster_001_global_00004_info.png,l7\2024\03_v23\awe_l7a_tmp_2024075T0538_01770_v23.nc,2024075T0538_01770,01770,v23
3,2,5,ok,saved representative point,0,124,336,124,336,2136,49.597496032714844,-89.01476287841797,2.6925337314605713,26.17218589782715,120.00000333930423,342.0523376464844,102.05233764648438,192.8800048828125,-0.8268485069274902,-22.9123477935791,0.0005164295434951782,61.51468490027923,1.3647511583803915e-07,17.00799551115062,11.11204130260604,-2.320251604525869,10.867101471989558,8.43513011932373,0.3677680790424347,8.067362785339355,54548,-39.280038256057566,7.410137198372911,-1,25.835119971319806,4.8737677462516364,100.63092750192025,8.11155973362402,493,51.3357132763844,0.13606096987487665,False,AWE\01770\remap85_from_l7a\slice_003\cluster_002_global_00005\awe_radiance_pre_interpolation_frames\overlays_crests_phase\ROI_22_100x100\phase_speed_from_l7a_point_summary.csv,AWE\01770\remap85_from_l7a\slice_003\cluster_002_global_00005,plots_l7a_cluster_debug\01770\slice_003\awe_l7a_tmp_2024075T0538_01770_v23_slice_003_cluster_002_global_00005_info.png,l7\2024\03_v23\awe_l7a_tmp_2024075T0538_01770_v23.nc,2024075T0538_01770,01770,v23
3,3,6,ok,saved representative point,0,182,420,182,420,2220,50.11892318725586,-86.29019165039062,2.66373872756958,24.0,109.99999850756943,339.9613037109375,89.9613037109375,190.1699981689453,-6.5250749588012695,-31.088220596313477,0.00045195757411420345,9.691004713432754,4.812381618695505e-06,2.8641769061846,2.347653912819866,-0.0015856140191231871,-2.347653377355058,9.261299133300781,4.224142230668804e-06,9.261295318603516,7424,21.401615851558393,3.8211406265149943,1,21.754113053819356,3.884077060363477,92.16376419539345,6.679208477180047,515,63.102882245155946,3.0179815995343144,True,AWE\01770\remap85_from_l7a\slice_003\cluster_003_global_00006\awe_radiance_pre_interpolation_frames\overlays_crests_phase\ROI_22_100x100\phase_speed_from_l7a_point_summary.csv,AWE\01770\remap85_from_l7a\slice_003\cluster_003_global_00006,plots_l7a_cluster_debug\01770\slice_003\awe_l7a_tmp_2024075T0538_01770_v23_slice_003_cluster_003_global_00006_info.png,l7\2024\03_v23\awe_l7a_tmp_2024075T0538_01770_v23.nc,2024075T0538_01770,01770,v23
3,4,7,ok,saved representative point,0,152,206,152,206,2006,50.66810607910156,-92.26979064941406,2.5790629386901855,176.0647735595703,120.00000333930423,344.57537841796875,104.57536315917969,186.35000610351562,-9.42142391204834,-34.2623176574707,0.0005077160312794149,85.47276910201775,6.949688325843505e-08,23.83401477828584,2.314263548938896,-0.5823926145310163,2.23978450224279,1.2324703931808472,0.07805158197879791,1.1544188261032104,174388,-54.6840370113924,9.752419096620327,-1,170.39904516599128,30.389177407960528,106.73928212551762,10.712101555056233,459,4.439722356890095,0.0019052395054001807,False,AWE\01770\remap85_from_l7a\slice_003\cluster_004_global_00007\awe_radiance_pre_interpolation_frames\overlays_crests_phase\ROI_22_150x150\phase_speed_from_l7a_point_summary.csv,AWE\01770\remap85_from_l7a\slice_003\cluster_004_global_00007,plots_l7a_cluster_debug\01770\slice_003\awe_l7a_tmp_2024075T0538_01770_v23_slice_003_cluster_004_global_00007_info.png,l7\2024\03_v23\awe_l7a_tmp_2024075T0538_01770_v23.nc,2024075T0538_01770,01770,v23
3,5,8,ok,saved representative point,0,86,598,86,598,2398,47.44706344604492,-82.73270416259766,1.7042020559310913,24.0,90.00000250447816,337.25445556640625,67.25444793701172,196.0800018310547,4.901943683624268,-40.30686950683594,0.0003606714017223567,73.69877415908546,6.640353186707557e-08,24.382839434019132,9.642303466247622,3.728092554649216,8.892431728114644,3.565728187561035,0.5330406427383423,3.0326876640319824,7832,-38.42181085835379,6.451757242623948,-1,24.023742789328583,4.03404610749329,75.3038900993781,6.688784395593842,561,126.37219443719444,0.014807875484429535,False,AWE\01770\remap85_from_l7a\slice_003\cluster_005_global_00008\awe_radiance_pre_interpolation_frames\overlays_crests_phase\ROI_22_100x100\phase_speed_from_l7a_point_summary.csv,AWE\01770\remap85_from_l7a\slice_003\cluster_005_global_00008,plots_l7a_cluster_debug\01770\slice_003\awe_l7a_tmp_2024075T0538_01770_v23_slice_003_cluster_005_global_00008_info.png,l7\2024\03_v23\awe_l7a_tmp_2024075T0538_01770_v23.nc,2024075T0538_01770,01770,v23
3,6,9,ok,saved representative point,0,176,402,176,402,2202,50.127105712890625,-86.81490325927734,2.5368363857269287,37.0130615234375,120.00000333930423,340.3602294921875,100.3602294921875,174.6300048828125,-6.140951633453369,-30.160449981689453,0.0004675539385061711,50.46788913264781,1.835698863409918e-07,14.664901451227419,8.103702800906191,-1.457341032684836,7.971584296729725,6.459160804748535,0.2088964283466339,6.2502641677856445,60196,-21.903526106490364,3.9049230310210636,-1,38.19653433322651,6.809612566389761,99.53963061889038,8.655532568418806,510,51.300754294301896,0.021823490701748504,False,AWE\01770\remap85_from_l7a\slice_003\cluster_006_global_00009\awe_radiance_pre_interpolation_frames\overlays_crests_phase\ROI_22_100x100\phase_speed_from_l7a_point_summary.csv,AWE\01770\remap85_from_l7a\slice_003\cluster_006_global_00009,plots_l7a_cluster_debug\01770\slice_003\awe_l7a_tmp_2024075T0538_01770_v23_slice_003_cluster_006_global_00009_info.png,l7\2024\03_v23\awe_l7a_tmp_2024075T0538_01770_v23.nc,2024075T0538_01770,01770,v23
3,7,10,ok,saved representative point,0,178,410,178,410,2210,50.11262130737305,-86.58789825439453,2.4763290882110596,26.17218589782715,120.00000333930423,340.19366455078125,100.19366455078125,187.67999267578125,-6.272094249725342,-30.5035400390625,0.00046081654727458954,62.809687979593875,1.168085932541004e-07,18.384104141235635,12.025387319932207,-2.128204582114363,11.835568657696754,7.5357184410095215,0.2360224425792694,7.299696445465088,3412,-33.89765101450362,4.684021072215975,-1,29.287570476531133,4.046994206394603,97.64882698968341,7.195869148031283,513,55.34232878530489,0.03014079305490578,False,AWE\01770\remap85_from_l7a\slice_003\cluster_007_global_00010\awe_radiance_pre_interpolation_frames\overlays_crests_phase\ROI_22_100x100\phase_speed_from_l7a_point_summary.csv,AWE\01770\remap85_from_l7a\slice_003\cluster_007_global_00010,plots_l7a_cluster_debug\01770\slice_003\awe_l7a_tmp_2024075T0538_01770_v23_slice_003_cluster_007_global_00010_info.png,l7\2024\03_v23\awe_l7a_tmp_2024075T0538_01770_v23.nc,2024075T0538_01770,01770,v23
3,8,11,ok,saved representative point,0,160,344,160,344,2144,50.15999221801758,-88.49527740478516,2.322359085083008,80.72605895996094,120.00000333930423,341.65533447265625,101.65533447265625,179.10000610351562,-4.004088878631592,-27.79904556274414,0.0005098081892356277,41.74438880468609,2.925570673420504e-07,11.616480598534759,2.150628794182501,-0.43447847550436425,2.106284089264855,2.3595962524414062,0.0963037833571434,2.2632925510406494,115332,-15.327465025247557,2.556154032262766,-1,72.8361137999764,12.146843961312667,101.30154768920931,8.39448200780432,495,19.80815469153256,0.020561347572354248,False,AWE\01770\remap85_from_l7a\slice_003\cluster_008_global_00011\awe_radiance_pre_interpolation_frames\overlays_crests_phase\ROI_22_150x150\phase_speed_from_l7a_point_summary.csv,AWE\01770\remap85_from_l7a\slice_003\cluster_008_global_00011,plots_l7a_cluster_debug\01770\slice_003\awe_l7a_tmp_2024075T0538_01770_v23_slice_003_cluster_008_global_00011_info.png,l7\2024\03_v23\awe_l7a_tmp_2024075T0538_01770_v23.nc,2024075T0538_01770,01770,v23
3,9,12,ok,saved representative point,1,82,464,32,520,2264,48.201969146728516,-86.09721374511719,1.3183530569076538,33.941123962402344,130.00000134084985,339.8131408691406,109.81314849853516,177.82000732421875,1.5171462297439575,-29.27526092529297,0.0004166021244600415,71.35577837639673,8.18206988127484e-08,21.965863281282925,3.869427292284874,-1.3115567970601494,3.640368983820785,1.8346781730651855,0.21078556776046753,1.6238926649093628,9944,-43.29928135113633,8.155190781199549,-1,32.14971640321873,6.055229155040666,102.45444819404663,10.103818203963103,526,134.25385559968473,0.02529132560272256,False,AWE\01770\remap85_from_l7a\slice_003\cluster_009_global_00012\awe_radiance_pre_interpolation_frames\overlays_crests_phase\ROI_22_100x100\phase_speed_from_l7a_point_summary.csv,AWE\01770\remap85_from_l7a\slice_003\cluster_009_global_00012,plots_l7a_cluster_debug\01770\slice_003\awe_l7a_tmp_2024075T0538_01770_v23_slice_003_cluster_009_global_00012_info.png,l7\2024\03_v23\awe_l7a_tmp_2024075T0538_01770_v23.nc,2024075T0538_01770,01770,v23
3,10,13,ok,saved representative point,0,174,384,174,384,2184,50.1832275390625,-87.31253051757812,2.1832079887390137,135.76449584960938,109.99999850756943,340.73907470703125,90.73907470703125,173.89999389648438,-5.742199897766113,-29.687761306762695,0.0004816149303223938,57.22773546986003,1.470573785055541e-07,16.384623205940258,1.7897208459871632,-0.023085436110348488,1.7895719513896617,1.3151909112930298,0.00021882611326873302,1.3149720430374146,119672,-27.616512097183733,5.0630524282935205,-1,131.2336654858171,24.059625139250812,95.64316477213214,10.750765057701095,506,47.35727901883201,0.001191163555548823,False,AWE\01770\remap85_from_l7a\slice_003\cluster_010_global_00013\awe_radiance_pre_interpolation_frames\overlays_crests_phase\ROI_22_150x150\phase_speed_from_l7a_point_summary.csv,AWE\01770\remap85_from_l7a\slice_003\cluster_010_global_00013,plots_l7a_cluster_debug\01770\slice_003\awe_l7a_tmp_2024075T0538_01770_v23_slice_003_cluster_010_global_00013_info.png,l7\2024\03_v23\awe_l7a_tmp_2024075T0538_01770_v23.nc,2024075T0538_01770,01770,v23
3,11,14,ok,saved representative point,1,92,472,46,552,2272,48.318843841552734,-85.80357360839844,1.4780454635620117,26.17218589782715,100.0000005060238,339.5855407714844,79.58554077148438,188.39999389648438,1.0594813823699951,-29.97083282470703,0.0004097787314094603,60.876127201837406,1.1057460126391727e-07,18.895229769073662,4.913834049682781,0.8882607400215857,4.832882982812452,2.664144277572632,0.0870557650923729,2.5770883560180664,8548,-31.590556959230142,5.506609231446516,-1,26.221541776464914,4.570726125385825,83.17380950019508,7.628773522682302,529,114.48949527750149,0.0378708288458238,False,AWE\01770\remap85_from_l7a\slice_003\cluster_011_global_00014\awe_radiance_pre_interpolation_frames\overlays_crests_phase\ROI_22_100x100\phase_speed_from_l7a_point_summary.csv,AWE\01770\remap85_from_l7a\slice_003\cluster_011_global_00014,plots_l7a_cluster_debug\01770\slice_003\awe_l7a_tmp_2024075T0538_01770_v23_slice_003_cluster_011_global_00014_info.png,l7\2024\03_v23\awe_l7a_tmp_2024075T0538_01770_v23.nc,2024075T0538_01770,01770,v23
3,12,15,ok,saved representative point,0,76,262,76,262,2062,49.135684967041016,-91.34880065917969,1.9449002742767334,104.6887435913086,130.00000134084985,343.8447570800781,113.84475708007812,182.67999267578125,-1.5273549556732178,-22.238502502441406,0.0005500890547409654,259.4554904015775,8.171603261389672e-09,69.50662990088924,6.19940266319028,-2.506170043275169,5.670247357440491,1.2265821695327759,0.20045554637908936,1.0261266231536865,28980,-239.73262265844164,42.94764350193147,-1,91.87172765104154,16.458645316224064,107.93578928738184,9.289598728636633,474,146.06358092579976,32.79725668292922,True,AWE\01770\remap85_from_l7a\slice_003\cluster_012_global_00015\awe_radiance_pre_interpolation_frames\overlays_crests_phase\ROI_22_150x150\phase_speed_from_l7a_point_summary.csv,AWE\01770\remap85_from_l7a\slice_003\cluster_012_global_00015,plots_l7a_cluster_debug\01770\slice_003\awe_l7a_tmp_2024075T0538_01770_v23_slice_003_cluster_012_global_00015_info.png,l7\2024\03_v23\awe_l7a_tmp_2024075T0538_01770_v23.nc,2024075T0538_01770,01770,v23
3,13,16,ok,saved representative point,1,75,354,74,354,2154,48.69003677368164,-88.95807647705078,1.9235310554504395,44.01619338989258,120.00000333930423,342.0047912597656,102.00480651855469,175.3699951171875,2.399566411972046,-20.594865798950195,0.0004927777335979044,86.67843840260363,6.558868426055701e-08,24.53383323728803,6.166426766225568,-1.2825769506793405,6.031568239588208,3.0964157581329346,0.1339552402496338,2.962460517883301,28448,-66.03488390190422,10.71416450241057,-1,38.98108923004334,6.324684436702488,102.30174202404359,9.469926248547807,496,146.6509624500743,0.1878376704176031,False,AWE\01770\remap85_from_l7a\slice_003\cluster_013_global_00016\awe_radiance_pre_interpolation_frames\overlays_crests_phase\ROI_22_100x100\phase_speed_from_l7a_point_summary.csv,AWE\01770\remap85_from_l7a\slice_003\cluster_013_global_00016,plots_l7a_cluster_debug\01770\slice_003\awe_l7a_tmp_2024075T0538_01770_v23_slice_003_cluster_013_global_00016_info.png,l7\2024\03_v23\awe_l7a_tmp_2024075T0538_01770_v23.nc,2024075T0538_01770,01770,v23
3,14,17,ok,saved representative point,0,116,576,116,576,2376,48.08804702758789,-82.96155548095703,1.8917220830917358,33.941123962402344,100.0000005060238,337.43212890625,77.43211364746094,189.2899932861328,1.3572521209716797,-40.345680236816406,0.0003653298772405833,83.45334006594354,5.245631088565179e-08,27.43348592109505,10.01319887623698,2.1788315030858754,9.773271970851628,3.333627223968506,0.15784093737602234,3.175786256790161,7500,-44.36971784274351,8.433743382545204,-1,32.56291879362428,6.18952101217835,83.53872577926292,7.0850331372249,555,65.41446566575291,0.006642552750402595,False,AWE\01770\remap85_from_l7a\slice_003\cluster_014_global_00017\awe_radiance_pre_interpolation_frames\overlays_crests_phase\ROI_22_100x100\phase_speed_from_l7a_point_summary.csv,AWE\01770\remap85_from_l7a\slice_003\cluster_014_global_00017,plots_l7a_cluster_debug\01770\slice_003\awe_l7a_tmp_2024075T0538_01770_v23_slice_003_cluster_014_global_00017_info.png,l7\2024\03_v23\awe_l7a_tmp_2024075T0538_01770_v23.nc,2024075T0538_01770,01770,v23
4,0,48,ok,saved representative point,0,106,80,106,80,2480,47.20669937133789,-80.5436782836914,4.183651447296143,26.17218589782715,109.99999850756943,335.6185607910156,85.61856079101562,195.64999389648438,3.8294482231140137,-45.64039611816406,0.00040008241194300354,81.90898502679423,5.963296054404173e-08,25.729816143649725,50.91461222630735,3.889675664385649,50.76581685919307,19.792253494262695,0.11551465839147568,19.676738739013672,87228,-36.69452539540378,6.8204462295891375,-1,25.180127751474192,4.680254221372937,84.8867964903378,10.175843461215088,583,86.84826574724852,0.017940215188983553,False,AWE\01770\remap85_from_l7a\slice_004\cluster_000_global_00048\awe_radiance_pre_interpolation_frames\overlays_crests_phase\ROI_22_100x100\phase_speed_from_l7a_point_summary.csv,AWE\01770\remap85_from_l7a\slice_004\cluster_000_global_00048,plots_l7a_cluster_debug\01770\slice_004\awe_l7a_tmp_2024075T0538_01770_v23_slice_004_cluster_000_global_00048_info.png,l7\2024\03_v23\awe_l7a_tmp_2024075T0538_01770_v23.nc,2024075T0538_01770,01770,v23
4,1,49,ok,saved representative point,1,126,0,22,0,2400,48.086307525634766,-82.27046203613281,2.8587698936462402,28.540969848632812,109.99999850756943,336.9183654785156,86.91836547851562,193.7100067138672,0.47009605169296265,-42.79202651977539,0.0003710493620019406,72.17316374911377,7.123283065172411e-08,23.54180548525646,21.940046284412794,1.1794698406998139,21.908319923194824,8.645089149475098,0.024984296411275864,8.620104789733887,10968,-29.468288340189844,5.543482259313128,-1,28.578225753588193,5.376046468623671,85.93879951508896,9.499810992143866,562,47.39150258808004,0.006236635815022159,False,AWE\01770\remap85_from_l7a\slice_004\cluster_001_global_00049\awe_radiance_pre_interpolation_frames\overlays_crests_phase\ROI_22_100x100\phase_speed_from_l7a_point_summary.csv,AWE\01770\remap85_from_l7a\slice_004\cluster_001_global_00049,plots_l7a_cluster_debug\01770\slice_004\awe_l7a_tmp_2024075T0538_01770_v23_slice_004_cluster_001_global_00049_info.png,l7\2024\03_v23\awe_l7a_tmp_2024075T0538_01770_v23.nc,2024075T0538_01770,01770,v23
4,2,50,ok,saved representative point,1,75,104,30,0,2504,46.54644012451172,-80.30113983154297,1.8012083768844604,37.0130615234375,120.00000333930423,335.43841552734375,95.43840789794922,196.66000366210938,8.32895278930664,-44.055641174316406,0.0004029249248560518,93.64542720095284,4.594634647287673e-08,29.31260236932023,7.471623260719265,-0.7081294601240377,7.437990778283179,2.56758451461792,0.02306312508881092,2.5445213317871094,23188,-48.99871282741581,6.600695510768327,-1,30.33770467177589,4.086841051097211,90.85916793070619,8.53577701536156,587,146.87115150591907,0.030999324122294437,False,AWE\01770\remap85_from_l7a\slice_004\cluster_002_global_00050\awe_radiance_pre_interpolation_frames\overlays_crests_phase\ROI_22_100x100\phase_speed_from_l7a_point_summary.csv,AWE\01770\remap85_from_l7a\slice_004\cluster_002_global_00050,plots_l7a_cluster_debug\01770\slice_004\awe_l7a_tmp_2024075T0538_01770_v23_slice_004_cluster_002_global_00050_info.png,l7\2024\03_v23\awe_l7a_tmp_2024075T0538_01770_v23.nc,2024075T0538_01770,01770,v23
4,3,51,ok,saved representative point,1,146,52,36,0,2452,48.05760192871094,-80.7813491821289,1.866944432258606,44.01619338989258,109.99999850756943,335.8018798828125,85.80188751220703,197.63999938964844,-1.5841302871704102,-47.34090805053711,0.00039558595744892955,96.7879951471975,4.222774384976272e-08,30.576018262775378,7.100428823809313,0.5197904496026154,7.081377505152795,2.296595573425293,0.012307494878768921,2.284288167953491,47536,-49.458141489642856,8.901620670289931,-1,44.55451912014842,8.019052402884885,82.38604264461956,9.45548518605805,576,8.811573381100057,0.6659609064324687,True,AWE\01770\remap85_from_l7a\slice_004\cluster_003_global_00051\awe_radiance_pre_interpolation_frames\overlays_crests_phase\ROI_22_100x100\phase_speed_from_l7a_point_summary.csv,AWE\01770\remap85_from_l7a\slice_004\cluster_003_global_00051,plots_l7a_cluster_debug\01770\slice_004\awe_l7a_tmp_2024075T0538_01770_v23_slice_004_cluster_003_global_00051_info.png,l7\2024\03_v23\awe_l7a_tmp_2024075T0538_01770_v23.nc,2024075T0538_01770,01770,v23
4,4,52,ok,saved representative point,2,71,0,26,12,2400,47.18824768066406,-82.8374252319336,0.8016946315765381,37.0130615234375,100.0000005060238,337.3386535644531,77.33865356445312,206.5500030517578,6.656920433044434,-39.71783447265625,0.00036522786831483245,72.30148132965152,6.986658530907055e-08,23.770871777740265,1.2004321890221195,0.26312035341722917,1.1712408463070394,0.4611014127731323,0.022152863442897797,0.43894854187965393,7400,-35.00859697215043,6.876131498405123,-1,33.43936739932842,6.567914950838422,82.01029817227348,8.838155281457796,562,155.90997602243274,0.1099226977100411,False,AWE\01770\remap85_from_l7a\slice_004\cluster_004_global_00052\awe_radiance_pre_interpolation_frames\overlays_crests_phase\ROI_22_100x100\phase_speed_from_l7a_point_summary.csv,AWE\01770\remap85_from_l7a\slice_004\cluster_004_global_00052,plots_l7a_cluster_debug\01770\slice_004\awe_l7a_tmp_2024075T0538_01770_v23_slice_004_cluster_004_global_00052_info.png,l7\2024\03_v23\awe_l7a_tmp_2024075T0538_01770_v23.nc,2024075T0538_01770,01770,v23
4,5,53,ok,saved representative point,0,112,318,112,318,2718,45.46876525878906,-74.9615478515625,3.0275015830993652,31.124149322509766,100.0000005060238,331.5412292480469,71.54124450683594,201.30999755859375,1.3345603942871094,-30.11940574645996,0.0005229898379184306,70.42918005377044,1.054357728225869e-07,19.350218595587307,12.183641366541494,3.8576109118094144,11.556814223720568,8.232362747192383,0.8252899050712585,7.4070725440979,30052,-42.28191671236955,8.211240010319692,-1,30.328100862970587,5.889783023251198,72.961061364552,10.814247053317505,645,75.0134221995992,0.02866014629930921,False,AWE\01770\remap85_from_l7a\slice_004\cluster_005_global_00053\awe_radiance_pre_interpolation_frames\overlays_crests_phase\ROI_22_100x100\phase_speed_from_l7a_point_summary.csv,AWE\01770\remap85_from_l7a\slice_004\cluster_005_global_00053,plots_l7a_cluster_debug\01770\slice_004\awe_l7a_tmp_2024075T0538_01770_v23_slice_004_cluster_005_global_00053_info.png,l7\2024\03_v23\awe_l7a_tmp_2024075T0538_01770_v23.nc,2024075T0538_01770,01770,v23
4,6,54,ok,saved representative point,1,75,146,64,148,2546,46.23240661621094,-79.32127380371094,2.5910327434539795,31.124149322509766,90.00000250447816,334.7215576171875,64.72157287597656,194.97000122070312,8.203390121459961,-43.667701721191406,0.00042573909740895033,79.85695897368836,6.676025692998529e-08,24.31760885667994,14.687029196305497,6.271620418182428,13.280647723035477,6.42830753326416,1.172162413597107,5.256145000457764,36592,-43.87372455739069,8.710764014479007,-1,30.43619548857235,6.042854101723248,68.36798347591767,10.072385634961089,600,148.01419210850014,0.11309600149697013,False,AWE\01770\remap85_from_l7a\slice_004\cluster_006_global_00054\awe_radiance_pre_interpolation_frames\overlays_crests_phase\ROI_22_100x100\phase_speed_from_l7a_point_summary.csv,AWE\01770\remap85_from_l7a\slice_004\cluster_006_global_00054,plots_l7a_cluster_debug\01770\slice_004\awe_l7a_tmp_2024075T0538_01770_v23_slice_004_cluster_006_global_00054_info.png,l7\2024\03_v23\awe_l7a_tmp_2024075T0538_01770_v23.nc,2024075T0538_01770,01770,v23
4,7,55,ok,saved representative point,0,146,214,146,214,2614,46.84626007080078,-76.92515563964844,2.9093780517578125,24.0,90.00000250447816,332.9605712890625,62.96056365966797,193.50999450683594,1.4085180759429932,-44.69129943847656,0.0004907456459477544,67.53786359327455,1.0758750047544124e-07,19.15574113183116,16.65975763086669,7.573584278847496,14.838744741062667,10.670042991638184,2.2051191329956055,8.464923858642578,35708,-28.371912406290093,5.050294605276438,-1,23.24540133701561,4.137758614529937,68.20817716493231,10.658851172260848,618,8.145366989022664,0.016696305299880095,False,AWE\01770\remap85_from_l7a\slice_004\cluster_007_global_00055\awe_radiance_pre_interpolation_frames\overlays_crests_phase\ROI_22_100x100\phase_speed_from_l7a_point_summary.csv,AWE\01770\remap85_from_l7a\slice_004\cluster_007_global_00055,plots_l7a_cluster_debug\01770\slice_004\awe_l7a_tmp_2024075T0538_01770_v23_slice_004_cluster_007_global_00055_info.png,l7\2024\03_v23\awe_l7a_tmp_2024075T0538_01770_v23.nc,2024075T0538_01770,01770,v23
4,8,56,ok,saved representative point,2,35,0,20,0,2400,46.59956359863281,-83.20037078857422,0.8078654408454895,24.0,120.00000333930423,337.6015319824219,97.60152435302734,176.72999572753906,10.43758773803711,-38.304718017578125,0.0003790596965700388,74.22082924163112,6.881070479292977e-08,23.95255606039579,2.493069814450653,-0.3297906326948336,2.471160706694681,0.986348032951355,0.017259830608963966,0.9690882563591003,188,-34.87201833333729,4.685005525547927,-1,26.19949899130732,3.5198650209333993,86.3463139463232,7.795243615992535,562,226.94045546899218,8.080229675865315,True,AWE\01770\remap85_from_l7a\slice_004\cluster_008_global_00056\awe_radiance_pre_interpolation_frames\overlays_crests_phase\ROI_22_100x100\phase_speed_from_l7a_point_summary.csv,AWE\01770\remap85_from_l7a\slice_004\cluster_008_global_00056,plots_l7a_cluster_debug\01770\slice_004\awe_l7a_tmp_2024075T0538_01770_v23_slice_004_cluster_008_global_00056_info.png,l7\2024\03_v23\awe_l7a_tmp_2024075T0538_01770_v23.nc,2024075T0538_01770,01770,v23
4,9,57,ok,saved representative point,1,75,210,70,208,2610,45.75351333618164,-77.83879089355469,2.779073476791382,104.6887435913086,90.00000250447816,333.6185607910156,63.61854934692383,204.0500030517578,7.351000785827637,-39.658939361572266,0.00044982676627114415,134.55910420781538,2.484386263977603e-08,39.86303020180393,7.115341940012539,3.1616662844610826,6.374320138571913,2.0072929859161377,0.3963252305984497,1.610967755317688,122424,-102.29679461811355,16.23693859206755,-1,89.60633511986649,14.222660311429495,66.65778802676076,10.296319606711958,617,148.03117501131277,0.35460518517717576,False,AWE\01770\remap85_from_l7a\slice_004\cluster_009_global_00057\awe_radiance_pre_interpolation_frames\overlays_crests_phase\ROI_22_150x150\phase_speed_from_l7a_point_summary.csv,AWE\01770\remap85_from_l7a\slice_004\cluster_009_global_00057,plots_l7a_cluster_debug\01770\slice_004\awe_l7a_tmp_2024075T0538_01770_v23_slice_004_cluster_009_global_00057_info.png,l7\2024\03_v23\awe_l7a_tmp_2024075T0538_01770_v23.nc,2024075T0538_01770,01770,v23
4,10,58,ok,saved representative point,0,156,324,156,324,2724,46.10225296020508,-74.28945922851562,2.493448495864868,24.0,90.00000250447816,331.0540771484375,61.054073333740234,193.1199951171875,-0.21680647134780884,-31.207223892211914,0.0005373177118599415,78.25319869409245,8.774592546388619e-08,21.21125616593212,12.425509679684875,6.0137463715670245,10.873276662460446,7.868989944458008,1.8432362079620361,6.025753974914551,13456,-50.83954668634601,9.53584892789842,-1,24.526855416600636,4.60044204115465,66.48158800944809,10.489741844275924,647,12.409025093260492,0.06350634151395604,False,AWE\01770\remap85_from_l7a\slice_004\cluster_010_global_00058\awe_radiance_pre_interpolation_frames\overlays_crests_phase\ROI_22_100x100\phase_speed_from_l7a_point_summary.csv,AWE\01770\remap85_from_l7a\slice_004\cluster_010_global_00058,plots_l7a_cluster_debug\01770\slice_004\awe_l7a_tmp_2024075T0538_01770_v23_slice_004_cluster_010_global_00058_info.png,l7\2024\03_v23\awe_l7a_tmp_2024075T0538_01770_v23.nc,2024075T0538_01770,01770,v23
4,11,59,ok,saved representative point,0,190,580,190,580,2980,44.2886848449707,-68.3118667602539,2.4370760917663574,24.0,69.99999967119774,326.8434753417969,36.84346389770508,198.35000610351562,5.681379318237305,-23.43669319152832,0.00041546853026375175,-40.54028899093234,2.52792656172164e-07,12.496766113927027,8.573653140492638,-6.861294088475831,-5.141028263385244,7.126009941101074,4.563802242279053,2.5622076988220215,4012,50.046981929368826,9.003833665475376,1,24.329745077070147,4.377106657630588,34.733690258804295,8.150250153861002,713,78.91302577067178,0.4158337944120767,False,AWE\01770\remap85_from_l7a\slice_004\cluster_011_global_00059\awe_radiance_pre_interpolation_frames\overlays_crests_phase\ROI_22_100x100\phase_speed_from_l7a_point_summary.csv,AWE\01770\remap85_from_l7a\slice_004\cluster_011_global_00059,plots_l7a_cluster_debug\01770\slice_004\awe_l7a_tmp_2024075T0538_01770_v23_slice_004_cluster_011_global_00059_info.png,l7\2024\03_v23\awe_l7a_tmp_2024075T0538_01770_v23.nc,2024075T0538_01770,01770,v23
4,12,60,ok,saved representative point,0,162,164,162,164,2564,47.482425689697266,-77.91545867919922,2.3363821506500244,48.0,100.0000005060238,333.6901550292969,73.69015502929688,192.8000030517578,-2.4359822273254395,-49.5135383605957,0.00047642929712310433,115.83462426234539,3.5507628811789193e-08,33.344102533587474,9.702796507495492,2.724852031764132,9.312327392808825,3.46590256690979,0.27334335446357727,3.192559242248535,55404,-67.62955571840402,9.681322690707384,-1,39.553926002936116,5.662233283229723,72.64522338648428,9.528637599265187,605,23.71819605383202,0.05234360075567374,False,AWE\01770\remap85_from_l7a\slice_004\cluster_012_global_00060\awe_radiance_pre_interpolation_frames\overlays_crests_phase\ROI_22_100x100\phase_speed_from_l7a_point_summary.csv,AWE\01770\remap85_from_l7a\slice_004\cluster_012_global_00060,plots_l7a_cluster_debug\01770\slice_004\awe_l7a_tmp_2024075T0538_01770_v23_slice_004_cluster_012_global_00060_info.png,l7\2024\03_v23\awe_l7a_tmp_2024075T0538_01770_v23.nc,2024075T0538_01770,01770,v23
4,13,61,ok,saved representative point,1,75,52,24,102,2452,46.9069709777832,-81.54058837890625,1.141301155090332,28.540969848632812,79.99999767274336,336.3750305175781,56.375030517578125,200.5399932861328,7.2649993896484375,-42.543399810791016,0.0003799203550443053,64.16949269508108,9.226465255240571e-08,20.68531758348333,2.7999051956103562,1.5504601501209336,2.3314249778392697,1.2856231927871704,0.3942286968231201,0.8913944959640503,9252,-32.76748199321108,6.238042315082245,-1,27.19844094877538,5.177847525112808,64.49514770349921,7.856096608245819,575,148.0666958888045,0.009877186726118401,False,AWE\01770\remap85_from_l7a\slice_004\cluster_013_global_00061\awe_radiance_pre_interpolation_frames\overlays_crests_phase\ROI_22_100x100\phase_speed_from_l7a_point_summary.csv,AWE\01770\remap85_from_l7a\slice_004\cluster_013_global_00061,plots_l7a_cluster_debug\01770\slice_004\awe_l7a_tmp_2024075T0538_01770_v23_slice_004_cluster_013_global_00061_info.png,l7\2024\03_v23\awe_l7a_tmp_2024075T0538_01770_v23.nc,2024075T0538_01770,01770,v23
4,14,62,ok,saved representative point,0,94,232,94,232,2632,45.879493713378906,-77.12027740478516,2.1721205711364746,24.0,100.0000005060238,333.1020202636719,73.10201263427734,202.1999969482422,5.6879167556762695,-38.87466812133789,0.0004705922328867018,71.9225035543613,9.097355417219475e-08,20.83158366581093,9.645300432716832,2.803584502238611,9.22885336193912,5.447261810302734,0.46022936701774597,4.987032413482666,1320,-36.37959240181825,6.427083806071093,-1,22.52453721087171,3.9793488268990016,74.17075584366641,10.283044082108262,623,110.59606901998944,0.040339816367981715,False,AWE\01770\remap85_from_l7a\slice_004\cluster_014_global_00062\awe_radiance_pre_interpolation_frames\overlays_crests_phase\ROI_22_100x100\phase_speed_from_l7a_point_summary.csv,AWE\01770\remap85_from_l7a\slice_004\cluster_014_global_00062,plots_l7a_cluster_debug\01770\slice_004\awe_l7a_tmp_2024075T0538_01770_v23_slice_004_cluster_014_global_00062_info.png,l7\2024\03_v23\awe_l7a_tmp_2024075T0538_01770_v23.nc,2024075T0538_01770,01770,v23
5,0,122,ok,saved representative point,0,194,0,194,0,3000,44.15304183959961,-67.84367370605469,1.8410340547561646,24.0,79.99999767274336,326.5223083496094,46.522308349609375,197.02000427246094,7.424533843994141,-23.52145767211914,0.00042822357499971986,-42.42494809140926,2.3791834688875333e-07,12.881484092960665,4.9594210815168145,-3.412439404692063,-3.5987657291213457,4.121693134307861,1.9513877630233765,2.1703054904937744,7600,54.384497995275225,9.423311932097644,1,24.2093802785525,4.194808271787167,36.00991828541618,6.347226625094669,719,86.86175191911532,0.03417717420768716,False,AWE\01770\remap85_from_l7a\slice_005\cluster_000_global_00122\awe_radiance_pre_interpolation_frames\overlays_crests_phase\ROI_22_100x100\phase_speed_from_l7a_point_summary.csv,AWE\01770\remap85_from_l7a\slice_005\cluster_000_global_00122,plots_l7a_cluster_debug\01770\slice_005\awe_l7a_tmp_2024075T0538_01770_v23_slice_005_cluster_000_global_00122_info.png,l7\2024\03_v23\awe_l7a_tmp_2024075T0538_01770_v23.nc,2024075T0538_01770,01770,v23
5,1,123,ok,saved representative point,0,156,0,156,0,3000,43.58952331542969,-68.3572998046875,1.2775051593780518,114.16387939453125,50.0000002530119,326.8709716796875,16.870983123779297,193.3699951171875,6.763208389282227,-22.447357177734375,0.0004771461826749146,-92.90727325861631,5.527796230892455e-08,26.724147225134402,0.9703194524992994,-0.9285576225243941,-0.281603589377666,0.43311411142349243,0.3966345489025116,0.03647957742214203,40920,92.94976199837865,13.466378259175126,1,121.84752248725391,17.653028824165578,19.83572159752983,7.837619141023262,719,12.407647536488257,0.025807287760749104,False,AWE\01770\remap85_from_l7a\slice_005\cluster_001_global_00123\awe_radiance_pre_interpolation_frames\overlays_crests_phase\ROI_22_150x150\phase_speed_from_l7a_point_summary.csv,AWE\01770\remap85_from_l7a\slice_005\cluster_001_global_00123,plots_l7a_cluster_debug\01770\slice_005\awe_l7a_tmp_2024075T0538_01770_v23_slice_005_cluster_001_global_00123_info.png,l7\2024\03_v23\awe_l7a_tmp_2024075T0538_01770_v23.nc,2024075T0538_01770,01770,v23
