angle_deg,uncorrected_slope_min_per_km,uncorrected_intercept_minutes,uncorrected_speed_km_per_min,uncorrected_speed_m_per_s,uncorrected_r_squared,uncorrected_number_of_fit_points,corrected_slope_min_per_km,corrected_intercept_minutes,corrected_speed_km_per_min,corrected_speed_m_per_s,corrected_r_squared,corrected_number_of_fit_points
0.000000000000000000e+00,1.887611458926199623e-02,1.345095807247207453e-01,5.297700410066737220e+01,8.829500683444562128e+02,8.463849687418777412e-01,2.510000000000000000e+02,1.893985960918231903e-02,1.026370707645610364e-01,5.279870181905601356e+01,8.799783636509334883e+02,8.493782933939854063e-01,2.510000000000000000e+02
5.000000000000000000e+00,2.166420034149117713e-02,8.081957882754746414e-02,4.615910046237915054e+01,7.693183410396525232e+02,8.592137543646576336e-01,2.510000000000000000e+02,2.162625687725289181e-02,5.881236956934608566e-03,4.624008702365078705e+01,7.706681170608463844e+02,8.586399433307958518e-01,2.510000000000000000e+02
1.000000000000000000e+01,2.305596660975147219e-02,-6.924682223486965105e-02,4.337272068988216489e+01,7.228786781647028192e+02,8.645853696002396838e-01,2.510000000000000000e+02,2.314703092392335348e-02,-1.443748814266737068e-01,4.320208510917316858e+01,7.200347518195527527e+02,8.703671518192754863e-01,2.510000000000000000e+02
1.500000000000000000e+01,2.602162777461582144e-02,-1.291974957313596628e-01,3.842957130358705342e+01,6.404928550597841195e+02,9.149998599256672360e-01,2.510000000000000000e+02,2.604287611458926122e-02,-1.557579206981594411e-01,3.839821667929366811e+01,6.399702779882278492e+02,9.152384091961740520e-01,2.510000000000000000e+02
2.000000000000000000e+01,2.635553025991273224e-02,-1.157275659267624490e-02,3.794270083501295687e+01,6.323783472502159384e+02,9.163205507467018229e-01,2.510000000000000000e+02,2.663479415670650177e-02,-1.022576361221775587e-01,3.754487435181492572e+01,6.257479058635821048e+02,9.218704006369961013e-01,2.510000000000000000e+02
2.500000000000000000e+01,2.614760007588693216e-02,-2.542212103965021952e-02,3.824442767587647296e+01,6.374071279312745446e+02,9.191638570298212851e-01,2.510000000000000000e+02,2.629785619427053509e-02,-6.014039081768097345e-02,3.802591331448029166e+01,6.337652219080048326e+02,9.204793606848140630e-01,2.510000000000000000e+02
3.000000000000000000e+01,2.567103016505407204e-02,2.618099032441673080e-02,3.895441645973749445e+01,6.492402743289582077e+02,9.149413249029757500e-01,2.510000000000000000e+02,2.582432176057674125e-02,-8.916714095996381914e-03,3.872318542462532776e+01,6.453864237437554721e+02,9.164224542477609203e-01,2.510000000000000000e+02
3.500000000000000000e+01,2.739518118004173608e-02,-6.070954278125563312e-03,3.650277008310249727e+01,6.083795013850416353e+02,9.164936650463588741e-01,2.510000000000000000e+02,2.733143616012141328e-02,-1.403908176816515488e-02,3.658790537538872201e+01,6.097984229231453810e+02,9.162388015844762368e-01,2.510000000000000000e+02
4.000000000000000000e+01,2.610965661164864338e-02,1.227471068108526575e-01,3.830000581293960238e+01,6.383334302156600870e+02,9.152481741779354696e-01,2.510000000000000000e+02,2.618099032441661977e-02,8.992601024473548255e-02,3.819565217391303946e+01,6.365942028985506340e+02,9.160617311315527589e-01,2.510000000000000000e+02
4.500000000000000000e+01,2.775488522102068090e-02,2.358186302409410740e-01,3.602969322469513713e+01,6.004948870782523045e+02,9.143600001093684648e-01,2.510000000000000000e+02,2.806753936634414498e-02,1.808006070954284172e-01,3.562834586059590691e+01,5.938057643432651957e+02,9.172484749003941840e-01,2.510000000000000000e+02
5.000000000000000000e+01,2.727224435590969512e-02,2.005312084993361166e-01,3.666731593299571301e+01,6.111219322165951553e+02,9.162157335955267712e-01,2.510000000000000000e+02,2.734964902295579370e-02,1.510149876683741510e-01,3.656354051054384513e+01,6.093923418423975136e+02,9.181685286192144968e-01,2.510000000000000000e+02
5.500000000000000000e+01,2.680781635363308629e-02,6.734964902295630107e-02,3.730255336013134837e+01,6.217092226688558867e+02,9.184708000294399266e-01,2.510000000000000000e+02,2.685790172642762291e-02,1.328021248340021526e-02,3.723299050632911644e+01,6.205498417721519218e+02,9.205969461250360641e-01,2.510000000000000000e+02
6.000000000000000000e+01,2.596091823183456493e-02,1.384936444697442391e-02,3.851943876059631577e+01,6.419906460099385868e+02,9.154328172347818704e-01,2.510000000000000000e+02,2.600796812749004219e-02,-1.593625498007895935e-02,3.844975490196078027e+01,6.408292483660130756e+02,9.159554565701558682e-01,2.510000000000000000e+02
6.500000000000000000e+01,2.747713906279643237e-02,-1.836463669132988030e-01,3.639389085285019831e+01,6.065648475475032910e+02,9.253199852063906938e-01,2.510000000000000000e+02,2.578637829633845593e-02,-9.979131094668909630e-02,3.878016480282519041e+01,6.463360800470865115e+02,8.985304646109979476e-01,2.510000000000000000e+02
7.000000000000000000e+01,2.628419654714475237e-02,-1.301460823373171427e-01,3.804567502021019010e+01,6.340945836701698681e+02,9.205606119204159388e-01,2.510000000000000000e+02,2.608840827167520707e-02,-1.455131853538220998e-01,3.833120018616556735e+01,6.388533364360927180e+02,9.192516260105688675e-01,2.510000000000000000e+02
7.500000000000000000e+01,2.457825839499146181e-02,-1.001707455890719078e-01,4.068636532048907384e+01,6.781060886748178973e+02,9.017176278844268866e-01,2.510000000000000000e+02,2.428229937393283980e-02,-1.667615253272621556e-01,4.118226139133695796e+01,6.863710231889492661e+02,9.006836938277860138e-01,2.510000000000000000e+02
8.000000000000000000e+01,2.124985771200910492e-02,-5.065452475810993532e-02,4.705913863295479160e+01,7.843189772159131508e+02,8.599416595380666717e-01,2.510000000000000000e+02,2.089926010244735205e-02,-6.260671599317010894e-02,4.784858387799564383e+01,7.974763979665941633e+02,8.563340017342293553e-01,2.510000000000000000e+02
8.500000000000000000e+01,2.138493644469740065e-02,-4.261051033959398771e-01,4.676188786373314343e+01,7.793647977288857192e+02,8.801525973018384796e-01,2.510000000000000000e+02,2.014494403339024686e-02,-3.985960918231830630e-01,4.964024711820990632e+01,8.273374519701650343e+02,8.789531193482160720e-01,2.510000000000000000e+02
9.000000000000000000e+01,1.966685638398785532e-02,-5.539745778789602060e-01,5.084696712455626511e+01,8.474494520759377565e+02,8.761934192777434127e-01,2.510000000000000000e+02,1.895048377916903198e-02,-5.600455321570857459e-01,5.276910139356080265e+01,8.794850232260134817e+02,8.591388562831683284e-01,2.510000000000000000e+02
9.500000000000000000e+01,1.581331815594764004e-02,-3.113261240751279413e-01,6.323783472502158531e+01,1.053963912083693231e+03,7.701024102154827577e-01,2.510000000000000000e+02,1.290381331815594786e-02,-1.309049516220830989e-01,7.749647141848976162e+01,1.291607856974829247e+03,7.017523809523810163e-01,2.510000000000000000e+02
1.000000000000000000e+02,1.207057484348320921e-02,-3.471826977803053188e-02,8.284609581290079916e+01,1.380768263548346567e+03,6.794303438496986924e-01,2.510000000000000000e+02,1.024018212862834280e-02,9.846328969834949874e-02,9.765451311694087622e+01,1.627575218615681251e+03,6.425714285714285712e-01,2.510000000000000000e+02
1.050000000000000000e+02,1.103699487763232928e-02,-1.206602162777458687e-01,9.060437293729371788e+01,1.510072882288228811e+03,6.855014874876041997e-01,2.510000000000000000e+02,1.145892619996205508e-02,-2.291785239992409628e-01,8.726821192052980791e+01,1.454470198675496704e+03,7.190476190476190466e-01,2.510000000000000000e+02
1.100000000000000000e+02,8.678429140580534717e-03,-2.959590210586224290e-01,1.152282266526757581e+02,1.920470444211262702e+03,4.138569150148097009e-01,2.510000000000000000e+02,5.885790172642761317e-03,-3.452855245683928986e-01,1.699007220216606697e+02,2.831678700361011124e+03,2.894068835454973732e-01,2.510000000000000000e+02
1.150000000000000000e+02,-4.780876494023902391e-04,-5.976095617529880027e-02,-2.091666666666667425e+03,-3.486111111111112405e+04,1.391752577319604889e-03,2.510000000000000000e+02,-4.704989565547333923e-04,1.897173211914246482e-02,-2.125403225806451701e+03,-3.542338709677419683e+04,1.488192024777401645e-02,2.510000000000000000e+02
1.200000000000000000e+02,-6.410927717700625784e-03,3.949914627205462492e-01,-1.559836647727272805e+02,-2.599727746212121474e+03,3.331872268907563051e-01,2.510000000000000000e+02,-2.229557958641623615e-03,1.512047049895654249e-01,-4.485194009530293329e+02,-7.475323349217155737e+03,1.093191995947316864e-01,2.510000000000000000e+02
1.250000000000000000e+02,-1.119939290457218697e-02,6.509201290077781810e-01,-8.929055427564711067e+01,-1.488175904594118492e+03,7.027619047619046988e-01,2.510000000000000000e+02,-1.115082527034718177e-02,6.528173022196923636e-01,-8.967946100449164248e+01,-1.494657683408194089e+03,6.997142857142857331e-01,2.510000000000000000e+02
1.300000000000000000e+02,-1.193701384936444662e-02,5.279833048757349712e-01,-8.377304513668150321e+01,-1.396217418944691644e+03,7.490476190476191842e-01,2.510000000000000000e+02,-1.180648833238474513e-02,5.674445076835511470e-01,-8.469919012726572305e+01,-1.411653168787762070e+03,7.380109763459743455e-01,2.510000000000000000e+02
1.350000000000000000e+02,-1.618971732119142345e-02,5.018023145513179628e-01,-6.176760101246836854e+01,-1.029460016874472785e+03,6.982831429369222853e-01,2.510000000000000000e+02,-1.331512047049895724e-02,3.018402580155563064e-01,-7.510258748432690368e+01,-1.251709791405448186e+03,6.180480928290372766e-01,2.510000000000000000e+02
1.400000000000000000e+02,-1.877442610510339505e-02,3.468032631379242559e-01,-5.326394502829426614e+01,-8.877324171382376790e+02,8.063876768060035394e-01,2.510000000000000000e+02,-1.752988047808765396e-02,2.788844621513942301e-01,-5.704545454545453254e+01,-9.507575757575755233e+02,8.001637485829449226e-01,2.510000000000000000e+02
1.450000000000000000e+02,-1.903244166192373174e-02,2.117245304496297720e-01,-5.254186602870814227e+01,-8.756977671451356855e+02,8.448799987105301001e-01,2.510000000000000000e+02,-1.794725858470878552e-02,1.238854107380001762e-01,-5.571881606765327177e+01,-9.286469344608879055e+02,8.414762025118400768e-01,2.510000000000000000e+02
1.500000000000000000e+02,-1.985202048947068768e-02,3.141718838929993818e-01,-5.037270642201835358e+01,-8.395451070336391695e+02,8.472308057998573227e-01,2.510000000000000000e+02,-1.837677859988616838e-02,1.935116676152530690e-01,-5.441650148662041886e+01,-9.069416914436736761e+02,8.536472067917408868e-01,2.510000000000000000e+02
1.550000000000000000e+02,-2.231075697211154854e-02,4.143426294820715117e-01,-4.482142857142858361e+01,-7.470238095238097458e+02,8.806915439917836208e-01,2.510000000000000000e+02,-2.230620375640296124e-02,3.898690950483774120e-01,-4.483057766891202078e+01,-7.471762944818669894e+02,8.810862111162779398e-01,2.510000000000000000e+02
1.600000000000000000e+02,-2.216808954657560268e-02,2.690191614494397143e-01,-4.510988634807613096e+01,-7.518314391346021921e+02,8.742154607723214843e-01,2.510000000000000000e+02,-2.275241889584519311e-02,2.145702902675010459e-01,-4.395137082249349447e+01,-7.325228470415582933e+02,8.695049708365979457e-01,2.510000000000000000e+02
1.650000000000000000e+02,-2.407133371276797343e-02,2.280402200720919870e-01,-4.154319041614124330e+01,-6.923865069356874073e+02,8.687004525855741566e-01,2.510000000000000000e+02,-2.592145702902674820e-02,3.318155947638012360e-01,-3.857807834182329287e+01,-6.429679723637215147e+02,8.990069392113986257e-01,2.510000000000000000e+02
1.700000000000000000e+02,-2.545399354961108002e-02,2.494782773667232056e-01,-3.928656609623755003e+01,-6.547761016039590913e+02,8.950873824719516314e-01,2.510000000000000000e+02,-2.602921646746347850e-02,2.735723771580342856e-01,-3.841836734693877986e+01,-6.403061224489796359e+02,9.046527149808379908e-01,2.510000000000000000e+02
1.750000000000000000e+02,-2.656953139821665796e-02,3.490798709922210974e-01,-3.763709585285045023e+01,-6.272849308808407613e+02,9.203086994777730512e-01,2.510000000000000000e+02,-2.668487952950104533e-02,3.236577499525697954e-01,-3.747440564213399483e+01,-6.245734273688998428e+02,9.208833400360456611e-01,2.510000000000000000e+02
